id;team_id;league_id;name;alternate_name;team_location;logo_url;theme_color;created_at;updated_at
1;763f573c-5ecb-4ff7-82b7-8ccf3a13e46f;de1bd252-baf5-4417-89ba-77d635f5f8f0;Everton;Everton;"Liverpool, England";https://dev-frankfurt-assets.pred.app/market-assets/Everton_128x128.png;#1A508E;2025-10-30 16:15:54.023644+00;2025-10-30 16:15:54.023644+00
2;"05273e3e-db46-4e1b-9c6f-887835f28510";de1bd252-baf5-4417-89ba-77d635f5f8f0;Arsenal;Arsenal;"London, England";https://dev-frankfurt-assets.pred.app/market-assets/Arsenal_128x128.png;#AE2447;2025-10-31 05:16:47.187565+00;2025-10-31 05:16:47.187565+00
3;1c1e0f9b-3385-42da-9453-74a22b77341d;de1bd252-baf5-4417-89ba-77d635f5f8f0;Brighton;Brighton;"Brighton, England";https://dev-frankfurt-assets.pred.app/market-assets/Brighton_128x128.png;#185DA0;2025-10-31 05:17:03.544539+00;2025-10-31 05:17:03.544539+00
4;c396b003-9604-42d9-9b94-e7ce6f5d5d4b;de1bd252-baf5-4417-89ba-77d635f5f8f0;Newcastle;Newcastle;"Newcastle upon Tyne, England";https://dev-frankfurt-assets.pred.app/market-assets/Newcastle_128x128.png;#2CA2C9;2025-10-31 05:19:28.325447+00;2025-10-31 05:19:28.325447+00
5;d3b666be-e2c2-44e9-96fa-6ad167cb9541;de1bd252-baf5-4417-89ba-77d635f5f8f0;Brentford;Brentford;"London, England";https://dev-frankfurt-assets.pred.app/market-assets/Brentford_128x128.png;#B70A0A;2025-10-31 05:17:18.794063+00;2025-10-31 05:17:18.794063+00
6;21a2ecaa-5f99-4369-8de3-ba95ab9e3812;de1bd252-baf5-4417-89ba-77d635f5f8f0;Liverpool;Liverpool;"Liverpool, England";https://dev-frankfurt-assets.pred.app/market-assets/Liverpool_128x128.png;#DE2B32;2025-10-31 05:17:36.735785+00;2025-10-31 05:17:36.735785+00
7;c701e01c-7dcd-49b8-a965-d96e45ebd779;de1bd252-baf5-4417-89ba-77d635f5f8f0;Man City;Man City;"Manchester, England";https://dev-frankfurt-assets.pred.app/market-assets/Manchestercity_128x128.png;#368DD3;2025-10-31 05:17:51.018828+00;2025-10-31 05:17:51.018828+00
8;64573051-88b5-40d4-aba3-85ac467b0a25;de1bd252-baf5-4417-89ba-77d635f5f8f0;Chelsea;Chelsea;"London, England";https://dev-frankfurt-assets.pred.app/market-assets/Chelsea_128x128.png;#263697;2025-10-31 05:18:03.918529+00;2025-10-31 05:18:03.918529+00
9;63dad02b-0882-4c2c-ad49-96b39f8d5bae;de1bd252-baf5-4417-89ba-77d635f5f8f0;Crystal Palace;Crystal Palace;"London, England";https://dev-frankfurt-assets.pred.app/market-assets/Crystal_128x128.png;#276DB0;2025-10-31 05:18:41.330785+00;2025-10-31 05:18:41.330785+00
11;54f47cb1-3000-4edb-b9a9-cdfba9bde975;de1bd252-baf5-4417-89ba-77d635f5f8f0;Bournemouth;Bournemouth;"Bournemouth, England";https://dev-frankfurt-assets.pred.app/market-assets/Bourmoth_128x128.png;#C12025;2025-10-31 05:19:13.946398+00;2025-10-31 05:19:13.946398+00
12;11cccd75-3ccd-4b7c-8b85-a9e8f22f6c3d;de1bd252-baf5-4417-89ba-77d635f5f8f0;Aston Villa;Aston Villa;"Birmingham, England";https://dev-frankfurt-assets.pred.app/market-assets/Aston_128x128.png;#68A5DE;2025-10-31 05:19:41.249095+00;2025-10-31 05:19:41.249095+00
13;cbbed7c2-7219-417b-b697-08ed7d7beb03;de1bd252-baf5-4417-89ba-77d635f5f8f0;Nottm Forest;Nottm Forest;"Nottingham, England";https://dev-frankfurt-assets.pred.app/market-assets/Nottomforest_128x128.png;#C21B1B;2025-10-31 05:19:53.608175+00;2025-10-31 05:19:53.608175+00
14;56c95119-b236-4840-9c48-7dd12ca218e7;de1bd252-baf5-4417-89ba-77d635f5f8f0;Burnley;Burnley;"Burnley, England";https://dev-frankfurt-assets.pred.app/market-assets/Burnley_128x128.png;#810F5D;2025-10-31 05:20:13.524318+00;2025-10-31 05:20:13.524318+00
15;43a01c0d-91c6-4467-93a9-d30bf8732f5c;de1bd252-baf5-4417-89ba-77d635f5f8f0;Sunderland;Sunderland;"Sunderland, England";https://dev-frankfurt-assets.pred.app/market-assets/Sunderland_128x128.png;#B61B2A;2025-10-31 05:20:25.408277+00;2025-10-31 05:20:25.408277+00
16;52953235-1f7a-4817-a788-3c858e24da8c;de1bd252-baf5-4417-89ba-77d635f5f8f0;West Ham;West Ham;"London, England";https://dev-frankfurt-assets.pred.app/market-assets/Westham_128x128.png;#99293E;2025-10-31 05:20:36.976611+00;2025-10-31 05:20:36.976611+00
17;747780b0-b05b-4645-934b-2ad30644681a;de1bd252-baf5-4417-89ba-77d635f5f8f0;Fulham;Fulham;"London, England";https://dev-frankfurt-assets.pred.app/market-assets/Fulham_128x128.png;#C11515;2025-10-31 05:20:51.35113+00;2025-10-31 05:20:51.35113+00
18;"072e6726-3524-4550-b2bc-dd0cabba6e2d";de1bd252-baf5-4417-89ba-77d635f5f8f0;Wolves;Wolves;"Wolverhampton, England";https://dev-frankfurt-assets.pred.app/market-assets/Wolves_128x128.png;#DDAB31;2025-10-31 05:21:16.523632+00;2025-10-31 05:21:16.523632+00
19;fcd1020e-2cd0-40b9-a8ff-f4327f6dadb9;de1bd252-baf5-4417-89ba-77d635f5f8f0;Leeds;Leeds;"Leeds, England";https://dev-frankfurt-assets.pred.app/market-assets/Leeds_128x128.png;#D5CC34;2025-10-31 05:21:04.43482+00;2025-10-31 05:21:04.43482+00
20;"07a936dc-9d3a-4874-9e61-452135a06040";de1bd252-baf5-4417-89ba-77d635f5f8f0;Spurs;Tottenham;"London, England";https://dev-frankfurt-assets.pred.app/market-assets/Tottehham_128x128.png;#2645B0;2025-10-31 05:18:26.099852+00;2025-10-31 05:18:26.099852+00
21;ecc67396-4887-4c01-8924-60e555ffa146;30c19a6e-da71-4fef-942c-f7cf01fd42e4;Villarreal;Villarreal;"Villarreal, Spain";https://public-assets.pred.app/market-assets/LaLiga/Villarreal%20CF_128x128.png;#004080;2026-01-12 09:50:53.909528+00;2026-01-12 09:50:53.909528+00
22;5b356798-9e6a-4243-8169-14c5a67808a3;30c19a6e-da71-4fef-942c-f7cf01fd42e4;Elche;Elche;"Elche, Spain";https://public-assets.pred.app/market-assets/LaLiga/Elche_128x128.png;#E0C060;2026-01-12 09:51:45.812443+00;2026-01-12 09:51:45.812443+00
23;1f04b277-bf62-4206-9c51-8ec456b0dbe5;30c19a6e-da71-4fef-942c-f7cf01fd42e4;Barcelona;FC Barcelona;"Barcelona, Spain";https://public-assets.pred.app/market-assets/LaLiga/Barcelona_128x128.png;#C0A000;2026-01-12 09:50:26.694175+00;2026-01-12 09:50:26.694175+00
24;2d79273d-506a-4bc5-aa51-45b8ddbe9f92;30c19a6e-da71-4fef-942c-f7cf01fd42e4;Atletico;Atletico de Madrid;"Madrid, Spain";https://public-assets.pred.app/market-assets/LaLiga/Atl%C3%A9tico%20Madrid_128x128.png;#202040;2026-01-12 09:50:42.127851+00;2026-01-12 09:50:42.127851+00
25;70d1c8a2-40af-4a71-9dd6-b069ed0eafa8;30c19a6e-da71-4fef-942c-f7cf01fd42e4;Real Madrid;Real Madrid CF;"Madrid, Spain";https://public-assets.pred.app/market-assets/LaLiga/Real+Madrid_128x128.png;#E0A000;2026-01-12 09:50:33.336831+00;2026-01-12 09:50:33.336831+00
26;83c016a8-6d05-4464-b88e-73a35bf67010;30c19a6e-da71-4fef-942c-f7cf01fd42e4;Betis;Real Betis Balompie;"Seville, Spain";https://public-assets.pred.app/market-assets/LaLiga/Real%20Betis_128x128.png;#008040;2026-01-12 09:51:27.57349+00;2026-01-12 09:51:27.57349+00
27;f2831a09-7cc8-4bbe-8666-08eee6620473;30c19a6e-da71-4fef-942c-f7cf01fd42e4;Celta;Celta Vigo;"Vigo, Spain";https://public-assets.pred.app/market-assets/LaLiga/Celta%20de%20Vigo_128x128.png;#C02020;2026-01-12 09:51:32.364437+00;2026-01-12 09:51:32.364437+00
28;c9d3b999-2131-483c-91f9-9ea8ca13b18d;30c19a6e-da71-4fef-942c-f7cf01fd42e4;Athletic;Athletic Club;"Bilbao, Spain";https://public-assets.pred.app/market-assets/LaLiga/Athletic%20Bilbao_128x128.png;#E00020;2026-01-12 09:51:40.643383+00;2026-01-12 09:51:40.643383+00
29;70e297d2-2c88-43c8-bb4f-f30325283b8e;30c19a6e-da71-4fef-942c-f7cf01fd42e4;Espanyol;RCD Espanyol de Barcelona;"RCD Espanyol, Spain";https://public-assets.pred.app/market-assets/LaLiga/Espanyol_128x128.png;#E00020;2026-01-12 09:51:22.201603+00;2026-01-12 09:51:22.201603+00
30;8cbe650a-ec9a-4bb2-ab1c-1dd7aed30ad7;30c19a6e-da71-4fef-942c-f7cf01fd42e4;Sevilla;Sevilla;"Seville, Spain";https://public-assets.pred.app/market-assets/LaLiga/Sevilla%20FC_128x128.png;#E02020;2026-01-12 09:51:49.918823+00;2026-01-12 09:51:49.918823+00
31;2ea0120e-037e-405f-a48b-1101fe7054f1;30c19a6e-da71-4fef-942c-f7cf01fd42e4;Osasuna;Osasuna;"Pamplona, Spain";https://public-assets.pred.app/market-assets/LaLiga/Osasuna_128x128.png;#A08020;2026-01-12 09:52:06.546883+00;2026-01-12 09:52:06.546883+00
32;43072d1e-ceea-49d3-a566-dbcb976afe57;30c19a6e-da71-4fef-942c-f7cf01fd42e4;Mallorca;Mallorca;"Palma de Mallorca, Spain";https://public-assets.pred.app/market-assets/LaLiga/Mallorca_128x128.png;#E00020;2026-01-12 09:52:19.936623+00;2026-01-12 09:52:19.936623+00
33;8fcde827-e4c9-4cf8-8c69-2c2fb11f8d93;30c19a6e-da71-4fef-942c-f7cf01fd42e4;Valencia;Valencia;"Valencia, Spain";https://public-assets.pred.app/market-assets/LaLiga/Valencia%20CF_128x128.png;#E08000;2026-01-12 09:52:41.136632+00;2026-01-12 09:52:41.136632+00
34;e2f8307a-727e-4c56-b666-78661545c213;30c19a6e-da71-4fef-942c-f7cf01fd42e4;Girona;Girona;"Girona, Spain";https://public-assets.pred.app/market-assets/LaLiga/Girona_128x128.png;#C00020;2026-01-12 09:52:49.708761+00;2026-01-12 09:52:49.708761+00
35;b21f17fd-7dde-4382-8889-b7e431638ba2;30c19a6e-da71-4fef-942c-f7cf01fd42e4;Oviedo;Real Oviedo;"Oviedo, Spain";https://public-assets.pred.app/market-assets/LaLiga/Real%20Oviedo_128x128.png;#E0C000;2026-01-12 09:52:58.110715+00;2026-01-12 09:52:58.110715+00
36;18d34cca-0183-4e07-b18a-309dc090fb56;30c19a6e-da71-4fef-942c-f7cf01fd42e4;Alaves;Deportivo Alavés;"Vitoria-Gasteiz, Spain";https://public-assets.pred.app/market-assets/LaLiga/Deportivo%20Alav%C3%A9s_128x128.png;#002080;2026-01-12 09:52:25.512945+00;2026-01-12 09:52:25.512945+00
37;6178cdb6-ec8a-4488-93fc-608e6dae5939;30c19a6e-da71-4fef-942c-f7cf01fd42e4;Sociedad;Real Sociedad de Fútbol;"San Sebastián, Spain";https://public-assets.pred.app/market-assets/LaLiga/Real%20Sociedad_128x128.png;#0040A0;2026-01-12 09:52:36.533791+00;2026-01-12 09:52:36.533791+00
38;a7525b51-fe06-43a6-850a-49a59e70a7dd;30c19a6e-da71-4fef-942c-f7cf01fd42e4;Getafe;Getafe;"Getafe, Spain";https://public-assets.pred.app/market-assets/LaLiga/Getafe%20CF_128x128.png;#0040A0;2026-01-12 09:51:57.157732+00;2026-01-12 09:51:57.157732+00
39;abcd220d-cd4a-4e08-9906-f98355995448;30c19a6e-da71-4fef-942c-f7cf01fd42e4;Levante;Levante UD ;"Valencia, Spain";https://public-assets.pred.app/market-assets/LaLiga/Levente_128x128.png;#A00020;2026-01-12 09:53:04.295558+00;2026-01-12 09:53:04.295558+00
40;79391f56-a0e9-4bb0-9fd2-2bce07b14eec;30c19a6e-da71-4fef-942c-f7cf01fd42e4;Rayo;Rayo Vallecano;"Madrid, Spain";https://public-assets.pred.app/market-assets/LaLiga/Rayo%20Vallecano_128x128.png;#808020;2026-01-12 09:52:32.345046+00;2026-01-12 09:52:32.345046+00
41;136c29f5-3cdc-407e-8a59-4aea06df546f;30c19a6e-da71-4fef-942c-f7cf01fd42e4;Others;Others_LaLiga;Others;https://public-assets.pred.app/market-assets/League_Logos/League_Logos_3X/Group%2035_128x128.png;#D5CC34;2026-01-24 11:08:51.384973+00;2026-01-24 11:08:51.384973+00
42;6e4dacd3-941f-4226-954c-b76b1a656b46;cc0d8029-3294-417f-b04f-bdc4d7fb8675;Olympiacos;Olympiacos FC;"Piraeus, Greece";https://public-assets.pred.app/market-assets/UCL/Olympiacos_128x128.png;#E0A0A0;2026-01-14 07:37:13.873688+00;2026-01-14 07:37:13.873688+00
43;"0136b4df-adcc-4066-b000-3a55a8cc1802";cc0d8029-3294-417f-b04f-bdc4d7fb8675;Pafos;Pafos FC;"Paphos, Cyprus";https://public-assets.pred.app/market-assets/UCL/Pafos_128x128.png;#002060;2026-01-14 07:37:21.69668+00;2026-01-14 07:37:21.69668+00
44;7ad216d4-475e-4b21-9da9-07bab6487577;cc0d8029-3294-417f-b04f-bdc4d7fb8675;PSG;Paris Saint-Germain FC;"Paris, France";https://public-assets.pred.app/market-assets/UCL/Paris-saint-germain_128x128.png;#004060;2026-01-14 07:37:30.097362+00;2026-01-14 07:37:30.097362+00
45;c9f8482d-b181-4806-835c-a823159ad9c4;cc0d8029-3294-417f-b04f-bdc4d7fb8675;PSV;PSV Eindhoven;"Eindhoven, Netherlands";https://public-assets.pred.app/market-assets/UCL/PSV_128x128.png;#A08040;2026-01-14 07:37:39.25367+00;2026-01-14 07:37:39.25367+00
46;3c7acdf8-fe18-4007-b4a9-81b6f5747677;cc0d8029-3294-417f-b04f-bdc4d7fb8675;Qarabag;Qarabag FK;"Baku, Azerbaijan";https://public-assets.pred.app/market-assets/UCL/Qarabag_128x128.png;#2C9CDB;2026-01-14 07:37:51.964239+00;2026-01-14 07:37:51.964239+00
47;5a263d1e-b4c6-4355-9eed-9304c891b3f1;cc0d8029-3294-417f-b04f-bdc4d7fb8675;Real Madrid;Real Madrid CF;"Madrid, Spain";https://public-assets.pred.app/market-assets/UCL/Real-madrid_128x128.png;#E0A000;2026-01-14 07:37:59.185927+00;2026-01-14 07:37:59.185927+00
48;e24a14a9-0893-4777-8102-8c284fd4c5df;cc0d8029-3294-417f-b04f-bdc4d7fb8675;Slavia;SK Slavia Praha;"Prague, Czech Republic";https://public-assets.pred.app/market-assets/UCL/Slavia-Praha_128x128.png;#E00020;2026-01-14 07:38:07.608716+00;2026-01-14 07:38:07.608716+00
49;"014f6af1-4aa7-47cf-8a70-46f83924a313";cc0d8029-3294-417f-b04f-bdc4d7fb8675;Atletico;Atletico de Madrid;"Madrid, Spain";https://public-assets.pred.app/market-assets/UCL/Atletico-madrid_128x128.png;#202040;2026-01-14 07:33:05.672276+00;2026-01-14 07:33:05.672276+00
50;"035c3d0f-d59b-4cf5-85eb-3b037b135138";cc0d8029-3294-417f-b04f-bdc4d7fb8675;Arsenal;Arsenal FC;"London, England";https://public-assets.pred.app/market-assets/UCL/Arsenal_128x128.png;#AE2447;2026-01-14 07:30:50.370379+00;2026-01-14 07:30:50.370379+00
51;dbe4f405-1f95-4968-b54e-28bf34ffb07a;cc0d8029-3294-417f-b04f-bdc4d7fb8675;Atalanta;Atalanta BC;"Bergamo, Italy";https://public-assets.pred.app/market-assets/UCL/Atalanta_128x128.png;#5A7A8A;2026-01-14 07:32:38.527787+00;2026-01-14 07:32:38.527787+00
52;90fb7640-ad1b-4010-a26a-89031eb6e3c5;cc0d8029-3294-417f-b04f-bdc4d7fb8675;Athletic Club;Athletic Club;"Bilbao, Spain";https://public-assets.pred.app/market-assets/UCL/Athletic-club_128x128.png;#E0C020;2026-01-14 07:32:54.318608+00;2026-01-14 07:32:54.318608+00
53;fdd8f0fe-c981-41ae-b646-9717c0d0168f;cc0d8029-3294-417f-b04f-bdc4d7fb8675;Ajax;AFC Ajax;"Amsterdam, Netherlands";https://public-assets.pred.app/market-assets/UCL/Ajax_128x128.png;#E0A0A0;2026-01-14 07:33:17.870123+00;2026-01-14 07:33:17.870123+00
54;"0a77bb31-de66-4ae4-8052-26b1903223b1";cc0d8029-3294-417f-b04f-bdc4d7fb8675;Barcelona;FC Barcelona;"Barcelona, Spain";https://public-assets.pred.app/market-assets/UCL/Barcelona_128x128.png;#C0A000;2026-01-14 07:33:27.468366+00;2026-01-14 07:33:27.468366+00
55;4b85901c-588a-47af-8b41-0f6e86759b06;cc0d8029-3294-417f-b04f-bdc4d7fb8675;Bayern Munich;FC Bayern Munchen;"Munich, Germany";https://public-assets.pred.app/market-assets/UCL/Bayern-Munchen_128x128.png;#C00020;2026-01-14 07:33:43.429884+00;2026-01-14 07:33:43.429884+00
56;8bbc013f-7812-4f6f-9668-101646fa42b0;cc0d8029-3294-417f-b04f-bdc4d7fb8675;Leverkusen;Bayer 04 Leverkusen;"Leverkusen, Germany";https://public-assets.pred.app/market-assets/UCL/Bayer-Leverkusen_128x128.png;#C8686A;2026-01-14 07:33:54.373881+00;2026-01-14 07:33:54.373881+00
57;cc3dadbb-972d-4e0d-8f90-85bacee8e366;cc0d8029-3294-417f-b04f-bdc4d7fb8675;Benfica;SL Benfica;"Lisbon, Portugal";https://public-assets.pred.app/market-assets/UCL/Benfica_128x128.png;#E0C020;2026-01-14 07:34:03.468572+00;2026-01-14 07:34:03.468572+00
58;4b78bfd8-39f3-4498-8dd1-6526edfd06f0;cc0d8029-3294-417f-b04f-bdc4d7fb8675;Bodø/Glimt;FK Bodo/Glimt;"Bodø, Norway";https://public-assets.pred.app/market-assets/UCL/Bodo-Glimt_128x128.png;#E0C000;2026-01-14 07:34:14.570987+00;2026-01-14 07:34:14.570987+00
59;d7d02172-e78d-47f6-a3e1-e98e3a48d8ad;cc0d8029-3294-417f-b04f-bdc4d7fb8675;Dortmund;Borussia Dortmund;"Dortmund, Germany";https://public-assets.pred.app/market-assets/UCL/Dortmund_128x128.png;#C4C460;2026-01-14 07:34:24.529625+00;2026-01-14 07:34:24.529625+00
60;ff9b51db-4bb0-4eae-a38b-574e8e928a2e;cc0d8029-3294-417f-b04f-bdc4d7fb8675;Chelsea;Chelsea FC;"London, England";https://public-assets.pred.app/market-assets/UCL/Chelsea_128x128.png;#263697;2026-01-14 07:34:37.618619+00;2026-01-14 07:34:37.618619+00
61;acf88673-0576-48d7-8087-3af3b4bc9986;cc0d8029-3294-417f-b04f-bdc4d7fb8675;Brugge;Club Brugge KV;"Bruges, Belgium";https://public-assets.pred.app/market-assets/UCL/Club-Brugge_128x128.png;#0060A0;2026-01-14 07:34:47.914611+00;2026-01-14 07:34:47.914611+00
62;dc37fa33-a825-4a0c-9787-982e7a104a9c;cc0d8029-3294-417f-b04f-bdc4d7fb8675;Copenhagen;FC Kobenhavn;"Copenhagen, Denmark";https://public-assets.pred.app/market-assets/UCL/Copenhagen_128x128.png;#204080;2026-01-14 07:35:09.332097+00;2026-01-14 07:35:09.332097+00
63;2083d280-441e-4046-a716-80b67ba912a9;cc0d8029-3294-417f-b04f-bdc4d7fb8675;Frankfurt;Eintracht Frankfurt;"Frankfurt, Germany";https://public-assets.pred.app/market-assets/UCL/Eintracht-frankfurt_128x128.png;#C00000;2026-01-14 07:35:23.458499+00;2026-01-14 07:35:23.458499+00
64;3fd05833-ee32-4094-a3e7-c82dea312812;cc0d8029-3294-417f-b04f-bdc4d7fb8675;Inter;Inter Milan;"Milan, Italy";https://public-assets.pred.app/market-assets/UCL/Inter_128x128.png;#5A5A9A;2026-01-14 07:35:56.607268+00;2026-01-14 07:35:56.607268+00
65;7d00410f-9a93-41f3-b69a-e98ded651b4e;cc0d8029-3294-417f-b04f-bdc4d7fb8675;Kairat;FC Kairat;"Almaty, Kazakhstan";https://public-assets.pred.app/market-assets/UCL/Kairat_128x128.png;#E0C020;2026-01-14 07:36:08.934532+00;2026-01-14 07:36:08.934532+00
66;87258602-0e71-429d-9ee9-1f734d0533fa;cc0d8029-3294-417f-b04f-bdc4d7fb8675;Marseille;Olympique de Marseille;"Marseille, France";https://public-assets.pred.app/market-assets/UCL/Marseille_128x128.png;#0080C0;2026-01-14 07:36:44.24919+00;2026-01-14 07:36:44.24919+00
67;dd3cf266-21d4-4611-993c-4c2372cadcbf;cc0d8029-3294-417f-b04f-bdc4d7fb8675;Napoli;SSC Napoli;"Naples, Italy";https://public-assets.pred.app/market-assets/UCL/Napoli_128x128.png;#004080;2026-01-14 07:36:57.225782+00;2026-01-14 07:36:57.225782+00
68;650c49c5-47d2-406b-9391-5ce5e17136be;cc0d8029-3294-417f-b04f-bdc4d7fb8675;Newcastle;Newcastle United FC;"Newcastle upon Tyne, England";https://public-assets.pred.app/market-assets/UCL/Newcastle_128x128.png;#2CA2C9;2026-01-14 07:37:04.533414+00;2026-01-14 07:37:04.533414+00
69;d603ed38-cc44-4ba3-b224-db803e15d35c;cc0d8029-3294-417f-b04f-bdc4d7fb8675;Sporting CP;Sporting Clube de Portugal;"Lisbon, Portugal";https://public-assets.pred.app/market-assets/UCL/Sporting-cp_128x128.png;#008060;2026-01-14 07:38:21.26529+00;2026-01-14 07:38:21.26529+00
70;53ed0dbd-59a9-444d-bfd9-b9440979589f;cc0d8029-3294-417f-b04f-bdc4d7fb8675;Union SG;Union Saint-Gilloise;"Brussels, Belgium";https://public-assets.pred.app/market-assets/UCL/Union-Saint-Gilloise_128x128.png;#2040A0;2026-01-14 07:38:44.167902+00;2026-01-14 07:38:44.167902+00
71;7206b10b-c7a4-4f1b-a996-a80fd3af2292;cc0d8029-3294-417f-b04f-bdc4d7fb8675;Villarreal;Villarreal CF;"Villarreal, Spain";https://public-assets.pred.app/market-assets/UCL/Villarreal_128x128.png;#004080;2026-01-14 07:38:56.282203+00;2026-01-14 07:38:56.282203+00
72;bef68fe9-3572-49e5-a435-0ffda677dd5b;cc0d8029-3294-417f-b04f-bdc4d7fb8675;Monaco;AS Monaco;Monaco;https://public-assets.pred.app/market-assets/UCL/As_Monaco_128x128.png;#E00020;2026-01-14 07:36:51.01854+00;2026-01-14 07:36:51.01854+00
73;fe57eb12-c9a9-4f3e-8a89-fe67ae15690f;cc0d8029-3294-417f-b04f-bdc4d7fb8675;Spurs;Tottenham Hotspur FC;"London, England";https://dev-frankfurt-assets.pred.app/market-assets/Tottehham_128x128.png;#2645B0;2026-01-14 07:38:34.929632+00;2026-01-14 07:38:34.929632+00
74;a85316d4-79ef-433e-838a-4554f1afb8e8;cc0d8029-3294-417f-b04f-bdc4d7fb8675;Juventus;Juventus FC;"Turin, Italy";https://public-assets.pred.app/market-assets/UCL/Juventus_128x128.png;#2C9CDB;2026-01-14 07:36:03.094522+00;2026-01-14 07:36:03.094522+00
75;853a8c65-0d9c-4dd8-ae5d-d05b31b6f60b;cc0d8029-3294-417f-b04f-bdc4d7fb8675;Liverpool;Liverpool FC;"Liverpool, England";https://public-assets.pred.app/market-assets/UCL/Liverpool_128x128.png;#DE2B32;2026-01-14 07:36:27.363714+00;2026-01-14 07:36:27.363714+00
76;a9b6e0b1-1aa8-4e02-8393-50e1c0c330c3;cc0d8029-3294-417f-b04f-bdc4d7fb8675;Man City;Manchester City FC;"Manchester, England";https://public-assets.pred.app/market-assets/UCL/Manchester-city_128x128.png;#368DD3;2026-01-14 07:36:35.979168+00;2026-01-14 07:36:35.979168+00
77;a804f0ad-49e6-4b30-acc6-ddce6d46618f;cc0d8029-3294-417f-b04f-bdc4d7fb8675;Galatasaray;Galatasaray SK;"Istanbul, Turkey";https://public-assets.pred.app/market-assets/UCL/Galatasaray_128x128.png;#E0A000;2026-01-19 11:28:12.397994+00;2026-01-19 11:28:12.397994+00
78;a32e3fa1-7f44-47dd-96b2-198ff4db0195;cc0d8029-3294-417f-b04f-bdc4d7fb8675;Others;Others_UCL;Others;https://public-assets.pred.app/market-assets/League_Logos/League_Logos_3X/Group%2035_128x128.png;#D5CC34;2026-01-14 07:57:17.114801+00;2026-01-14 07:57:17.114801+00
10;757e6e74-9cd6-47df-9fb0-5ed8514426df;de1bd252-baf5-4417-89ba-77d635f5f8f0;Man Utd;Man United;"Manchester, England";https://dev-frankfurt-assets.pred.app/market-assets/manchesterunited_128x128.png;#B9232C;2025-10-31 05:18:58.135502+00;2025-10-31 05:18:58.135502+00
100;f77fce9b-ce8f-4605-a9f4-dba2b4600402;f2146aa7-1d02-4df3-8a28-34638de9a3e8;Russia;Russia_FIFA_Friendlies;Russia;https://public-assets.pred.app/market-assets/FIFA/FIFA-teams/russia_128x128.png;#285CAC;2026-03-27 04:29:07.994839+00;2026-03-27 04:29:07.994839+00
101;3fbc945d-d0d1-4453-80aa-396884f78e87;f2146aa7-1d02-4df3-8a28-34638de9a3e8;Nicaragua;Nicaragua_FIFA_Friendlies;Nicaragua;https://public-assets.pred.app/market-assets/FIFA/FIFA-teams/nicaragua_128x128.png;#0060C0;2026-03-27 04:30:15.601814+00;2026-03-27 04:30:15.601814+00
102;7b46ddb8-77c8-4199-91de-070861231a95;f2146aa7-1d02-4df3-8a28-34638de9a3e8;Andorra;Andorra_FIFA_Friendlies;Andorra;https://public-assets.pred.app/market-assets/FIFA/FIFA-teams/andorra_128x128.png;#C00020;2026-03-25 07:16:31.692842+00;2026-03-25 07:16:31.692842+00
103;773738a3-a646-44d3-a510-67b1230eb883;f2146aa7-1d02-4df3-8a28-34638de9a3e8;Armenia;Armenia_FIFA_Friendlies;Armenia;https://public-assets.pred.app/market-assets/FIFA/FIFA-teams/armenia_128x128.png;#D90012;2026-03-25 07:16:40.561141+00;2026-03-25 07:16:40.561141+00
104;3c68e5e7-4d08-4e9a-8b78-b8aed940c247;f2146aa7-1d02-4df3-8a28-34638de9a3e8;Georgia;Georgia_FIFA_Friendlies;Georgia;https://public-assets.pred.app/market-assets/FIFA/FIFA-teams/georgia_128x128.png;#CC2B1D;2026-03-25 07:18:11.760115+00;2026-03-25 07:18:11.760115+00
105;37266126-b332-4cb2-b0ba-85056a1662c7;f2146aa7-1d02-4df3-8a28-34638de9a3e8;Belarus;Belarus_FIFA_Friendlies;Belarus;https://public-assets.pred.app/market-assets/FIFA/FIFA-teams/belarus_128x128.png;#C00020;2026-03-25 07:17:09.685543+00;2026-03-25 07:17:09.685543+00
106;d6f3fe5e-8c25-4cba-a8dc-45ae567cf5b3;f2146aa7-1d02-4df3-8a28-34638de9a3e8;Israel;Israel_FIFA_Friendlies;Israel;https://public-assets.pred.app/market-assets/FIFA/FIFA-teams/israel_128x128.png;#004A93;2026-03-25 07:19:05.193886+00;2026-03-25 07:19:05.193886+00
107;56f777c0-dcbf-4de5-8f63-c2483c844324;f2146aa7-1d02-4df3-8a28-34638de9a3e8;Moldova;Moldova_FIFA_Friendlies;Moldova;https://public-assets.pred.app/market-assets/FIFA/FIFA-teams/moldova_128x128.png;#0044AA;2026-03-25 07:19:24.728482+00;2026-03-25 07:19:24.728482+00
108;d6956567-44d7-4a51-9b76-73495a174ef0;f2146aa7-1d02-4df3-8a28-34638de9a3e8;Montenegro;Montenegro_FIFA_Friendlies;Montenegro;https://public-assets.pred.app/market-assets/FIFA/FIFA-teams/montenegro_128x128.png;#C85A5A;2026-03-25 07:19:33.293247+00;2026-03-25 07:19:33.293247+00
109;7d02c94e-eab4-4ace-9938-0de0047bb446;f2146aa7-1d02-4df3-8a28-34638de9a3e8;Algeria;Algeria_FIFA_Friendlies;Algeria;https://public-assets.pred.app/market-assets/FIFA/FIFA-teams/algeria_128x128.png;#006020;2026-03-25 07:13:48.515829+00;2026-03-25 07:13:48.515829+00
110;1afb20ac-ed87-4d12-8cc3-872ac800f485;f2146aa7-1d02-4df3-8a28-34638de9a3e8;Austria;Austria_FIFA_Friendlies;Austria;https://public-assets.pred.app/market-assets/FIFA/FIFA-teams/austria_128x128.png;#C00020;2026-03-25 07:16:52.06806+00;2026-03-25 07:16:52.06806+00
111;1faa5ac5-470d-405e-b5e3-58d41fad667c;f2146aa7-1d02-4df3-8a28-34638de9a3e8;Bangladesh;Bangladesh_FIFA_Friendlies;Bangladesh;https://public-assets.pred.app/market-assets/FIFA/FIFA-teams/bangladesh_128x128.png;#006040;2026-03-25 07:16:58.991401+00;2026-03-25 07:16:58.991401+00
112;c01b5e61-3d31-4f33-a02c-f940d07cfd16;f2146aa7-1d02-4df3-8a28-34638de9a3e8;Colombia;Colombia_FIFA_Friendlies;Colombia;https://public-assets.pred.app/market-assets/FIFA/FIFA-teams/colombia_128x128.png;#C4B460;2026-03-25 07:17:27.513122+00;2026-03-25 07:17:27.513122+00
113;c2eb8a26-8b6d-4e29-b637-841a5c824289;f2146aa7-1d02-4df3-8a28-34638de9a3e8;Croatia;Croatia_FIFA_Friendlies;Croatia;https://public-assets.pred.app/market-assets/FIFA/FIFA-teams/croatia_128x128.png;#285CAC;2026-03-25 07:17:36.761343+00;2026-03-25 07:17:36.761343+00
114;297a6261-7fa2-411c-9bc7-f19cd201cadb;f2146aa7-1d02-4df3-8a28-34638de9a3e8;Cyprus;Cyprus_FIFA_Friendlies;Cyprus;https://public-assets.pred.app/market-assets/FIFA/FIFA-teams/cyprus_128x128.png;#D67800;2026-03-25 07:17:42.133538+00;2026-03-25 07:17:42.133538+00
115;46f8c086-ecea-4453-9476-a2c6c8d49893;f2146aa7-1d02-4df3-8a28-34638de9a3e8;Egypt;Egypt_FIFA_Friendlies;Egypt;https://public-assets.pred.app/market-assets/FIFA/FIFA-teams/egypt_128x128.png;#C00020;2026-03-25 07:17:51.878925+00;2026-03-25 07:17:51.878925+00
116;f11b97f6-54f4-4e07-88d0-2143fbfbb656;f2146aa7-1d02-4df3-8a28-34638de9a3e8;England;England_FIFA_Friendlies;England;https://public-assets.pred.app/market-assets/FIFA/FIFA-teams/england_128x128.png;#BE2A2A;2026-03-25 07:18:00.659149+00;2026-03-25 07:18:00.659149+00
117;efcc800b-92c3-4327-9955-1c8de62cb556;f2146aa7-1d02-4df3-8a28-34638de9a3e8;France;France_FIFA_Friendlies;France;https://public-assets.pred.app/market-assets/FIFA/FIFA-teams/france_128x128.png;#4A5A6A;2026-03-25 07:18:05.948102+00;2026-03-25 07:18:05.948102+00
118;fc5bbd92-cb19-4b80-b85b-fd65d47c8be7;f2146aa7-1d02-4df3-8a28-34638de9a3e8;Germany;Germany_FIFA_Friendlies;Germany;https://public-assets.pred.app/market-assets/FIFA/FIFA-teams/germany_128x128.png;#C4B460;2026-03-25 07:18:19.473848+00;2026-03-25 07:18:19.473848+00
119;e3d68058-90e8-4b61-ba30-2b106f0cb38a;f2146aa7-1d02-4df3-8a28-34638de9a3e8;Ghana;Ghana_FIFA_Friendlies;Ghana;https://public-assets.pred.app/market-assets/FIFA/FIFA-teams/ghana_128x128.png;#C00020;2026-03-25 07:18:24.079098+00;2026-03-25 07:18:24.079098+00
120;98571e85-7646-499c-b6bd-6cb55fbefbf7;f2146aa7-1d02-4df3-8a28-34638de9a3e8;Greece;Greece_FIFA_Friendlies;Greece;https://public-assets.pred.app/market-assets/FIFA/FIFA-teams/greece_128x128.png;#285CAC;2026-03-25 07:18:29.496049+00;2026-03-25 07:18:29.496049+00
121;6fa3fea9-303f-4a14-a467-f16ae6b09615;f2146aa7-1d02-4df3-8a28-34638de9a3e8;Guatemala;Guatemala_FIFA_Friendlies;Guatemala;https://public-assets.pred.app/market-assets/FIFA/FIFA-teams/guatemala_128x128.png;#5E97CD;2026-03-25 07:18:44.928788+00;2026-03-25 07:18:44.928788+00
122;90b71ada-71a2-4d9f-a680-1cd5f44b511b;f2146aa7-1d02-4df3-8a28-34638de9a3e8;Hong Kong;Hong_Kong_SAR_FIFA_Friendlies;Hong Kong SAR;https://public-assets.pred.app/market-assets/FIFA/FIFA-teams/hong-kong-sar_128x128.png;#DB362F;2026-03-25 07:18:58.793678+00;2026-03-25 07:18:58.793678+00
123;7e44a8f2-92ea-494d-93a2-d536b9360b76;f2146aa7-1d02-4df3-8a28-34638de9a3e8;Lithuania;Lithuania_FIFA_Friendlies;Lithuania;https://public-assets.pred.app/market-assets/FIFA/FIFA-teams/lithuania_128x128.png;#C49A60;2026-03-25 07:19:16.111806+00;2026-03-25 07:19:16.111806+00
124;b63bcc0f-ac96-4484-898e-1b9979be786c;f2146aa7-1d02-4df3-8a28-34638de9a3e8;Nepal;Nepal_FIFA_Friendlies;Nepal;https://public-assets.pred.app/market-assets/FIFA/FIFA-teams/nepal_128x128.png;#C00020;2026-03-25 07:19:41.697817+00;2026-03-25 07:19:41.697817+00
125;1e35e8f1-229c-47d7-b8e0-edd51732f6c1;f2146aa7-1d02-4df3-8a28-34638de9a3e8;UAE;United_Arab_Emirates_FIFA_Friendlies;United Arab Emirates;https://public-assets.pred.app/market-assets/FIFA/FIFA-teams/united-arab-emirates_128x128.png;#00843D;2026-03-25 07:21:44.861713+00;2026-03-25 07:21:44.861713+00
126;ea17e74d-6931-48c4-b238-25c2d6e80876;f2146aa7-1d02-4df3-8a28-34638de9a3e8;Brazil;Brazil_FIFA_Friendlies;Brazil;https://public-assets.pred.app/market-assets/FIFA/FIFA-teams/brazil_128x128.png;#469A45;2026-03-25 07:17:20.016519+00;2026-03-25 07:17:20.016519+00
127;5982a60a-a613-4480-821f-09107438f3f5;f2146aa7-1d02-4df3-8a28-34638de9a3e8;Ecuador;Ecuador_FIFA_Friendlies;Ecuador;https://public-assets.pred.app/market-assets/FIFA/FIFA-teams/ecuador_128x128.png;#C4B460;2026-03-25 09:35:57.93495+00;2026-03-25 09:35:57.93495+00
128;25f5e40b-96cc-4600-92b5-79549144e887;f2146aa7-1d02-4df3-8a28-34638de9a3e8;Morocco;Morocco_FIFA_Friendlies;Morocco;https://public-assets.pred.app/market-assets/FIFA/FIFA-teams/morocco_128x128.png;#C02020;2026-03-25 10:00:51.884018+00;2026-03-25 10:00:51.884018+00
129;abaa12a7-5e6d-4148-85a4-552b1c96590d;f2146aa7-1d02-4df3-8a28-34638de9a3e8;Netherlands;Netherlands_FIFA_Friendlies;Netherlands;https://public-assets.pred.app/market-assets/FIFA/FIFA-teams/netherlands_128x128.png;#A1292A;2026-03-25 07:19:49.785426+00;2026-03-25 07:19:49.785426+00
130;3533cb3b-547e-490d-889d-2b33b38336e5;f2146aa7-1d02-4df3-8a28-34638de9a3e8;Norway;Norway_FIFA_Friendlies;Norway;https://public-assets.pred.app/market-assets/FIFA/FIFA-teams/norway_128x128.png;#A00020;2026-03-25 07:20:06.431447+00;2026-03-25 07:20:06.431447+00
131;df1ad6aa-8fb6-4dca-89ce-1bfc17d84ce5;f2146aa7-1d02-4df3-8a28-34638de9a3e8;Panama;Panama_FIFA_Friendlies;Panama;https://public-assets.pred.app/market-assets/FIFA/FIFA-teams/panama_128x128.png;#C00000;2026-03-25 07:20:24.61025+00;2026-03-25 07:20:24.61025+00
132;8584c309-a412-4aa7-8f9c-2864f08eca27;f2146aa7-1d02-4df3-8a28-34638de9a3e8;Paraguay;Paraguay_FIFA_Friendlies;Paraguay;https://public-assets.pred.app/market-assets/FIFA/FIFA-teams/paraguay_128x128.png;#285CAD;2026-03-25 07:20:31.092198+00;2026-03-25 07:20:31.092198+00
133;4b262659-3ff4-4433-8a52-8d7d1f8e4939;f2146aa7-1d02-4df3-8a28-34638de9a3e8;Saudi Arabia;Saudi_Arabia_FIFA_Friendlies;Saudi Arabia;https://public-assets.pred.app/market-assets/FIFA/FIFA-teams/saudi-arabia_128x128.png;#006020;2026-03-25 07:20:57.816095+00;2026-03-25 07:20:57.816095+00
134;8df8cf2f-d570-4e25-8b43-6255aed002ce;f2146aa7-1d02-4df3-8a28-34638de9a3e8;South Africa;South_Africa_FIFA_Friendlies;South Africa;https://public-assets.pred.app/market-assets/FIFA/FIFA-teams/south-africa_128x128.png;#006040;2026-03-25 07:21:04.105023+00;2026-03-25 07:21:04.105023+00
135;ea2838ed-8880-466a-9e94-1957a3151157;f2146aa7-1d02-4df3-8a28-34638de9a3e8;Switzerland;Switzerland_FIFA_Friendlies;Switzerland;https://public-assets.pred.app/market-assets/FIFA/FIFA-teams/switzerland_128x128.png;#CA3927;2026-03-25 07:21:14.557875+00;2026-03-25 07:21:14.557875+00
136;874e4664-df72-44cb-a8c0-c80106819a0d;f2146aa7-1d02-4df3-8a28-34638de9a3e8;Uruguay;Uruguay_FIFA_Friendlies;Uruguay;https://public-assets.pred.app/market-assets/FIFA/FIFA-teams/uruguay_128x128.png;#285CAD;2026-03-25 07:21:51.409763+00;2026-03-25 07:21:51.409763+00
137;"08f08105-ecd9-42e6-b431-f466bb801b5f";f2146aa7-1d02-4df3-8a28-34638de9a3e8;Vietnam;Vietnam_FIFA_Friendlies;Vietnam;https://public-assets.pred.app/market-assets/FIFA/FIFA-teams/vietnam_128x128.png;#C02000;2026-03-25 07:21:57.959935+00;2026-03-25 07:21:57.959935+00
138;3d846a6e-d2b0-475c-b08a-2f693e32910d;f2146aa7-1d02-4df3-8a28-34638de9a3e8;Japan;Japan_FIFA_Friendlies;Japan;https://public-assets.pred.app/market-assets/FIFA/FIFA-teams/japan_128x128.png;#A00020;2026-03-27 07:18:32.141082+00;2026-03-27 07:18:32.141082+00
139;16100601-7186-4b6a-b06b-cd02f58dc33a;f2146aa7-1d02-4df3-8a28-34638de9a3e8;Scotland;Scotland_FIFA_Friendlies;Scotland;https://public-assets.pred.app/market-assets/FIFA/FIFA-teams/scotland_128x128.png;#065DB9;2026-03-27 07:25:29.627195+00;2026-03-27 07:25:29.627195+00
140;fe371357-46cf-4439-a12c-6c5cf72400ed;f2146aa7-1d02-4df3-8a28-34638de9a3e8;Cameroon;Cameroon_FIFA_Friendlies;Cameroon;https://public-assets.pred.app/market-assets/FIFA/FIFA-teams/cameroon_128x128.png;#FCD116;2026-03-27 08:48:25.502989+00;2026-03-27 08:48:25.502989+00
141;"0e64070d-d1d4-4fb8-a693-d21b2731e669";f2146aa7-1d02-4df3-8a28-34638de9a3e8;Australia;Australia_FIFA_Friendlies;Australia;https://public-assets.pred.app/market-assets/FIFA/FIFA-teams/australia_128x128.png;#012169;2026-03-27 08:49:57.545831+00;2026-03-27 08:49:57.545831+00
